<?xml version="1.0" encoding="UTF-8"?>
<project-private xmlns="http://www.netbeans.org/ns/project-private/1">
    <editor-bookmarks xmlns="http://www.netbeans.org/ns/editor-bookmarks/2" lastBookmarkId="0"/>
    <open-files xmlns="http://www.netbeans.org/ns/projectui-open-files/2">
        <group>
            <file>file:/F:/Coding/Java/School/Capstone/JBeanLogin/LoginPage/src/java/Credentials.java</file>
            <file>file:/F:/Coding/Java/School/Capstone/JBeanLogin/LoginPage/web/jsp/Login.jsp</file>
            <file>file:/F:/Coding/Java/School/Capstone/JBeanLogin/LoginPage/web/WEB-INF/web.xml</file>
            <file>file:/F:/Coding/Java/School/Capstone/JBeanLogin/LoginPage/web/display.jsp</file>
        </group>
    </open-files>
</project-private>
