<?xml version="1.0" encoding="UTF-8"?>
<project-private xmlns="http://www.netbeans.org/ns/project-private/1">
    <editor-bookmarks xmlns="http://www.netbeans.org/ns/editor-bookmarks/2" lastBookmarkId="0"/>
    <open-files xmlns="http://www.netbeans.org/ns/projectui-open-files/2">
        <group>
            <file>file:/F:/Coding/Java/School/Capstone/BuildPagePrototype/TestingBuildsPage/src/java/bean/Build.java</file>
            <file>file:/F:/Coding/Java/School/Capstone/BuildPagePrototype/TestingBuildsPage/web/home.jsp</file>
            <file>file:/F:/Coding/Java/School/Capstone/BuildPagePrototype/TestingBuildsPage/web/login.jsp</file>
            <file>file:/F:/Coding/Java/School/Capstone/BuildPagePrototype/TestingBuildsPage/web/build.jsp</file>
        </group>
    </open-files>
</project-private>
